序号,形近字,字数
1,一乙二,3
2,上下卡忐,4
3,仁仕佞仨,4
4,弍贰腻,3
5,刑型荆,3
6,形研刑邢妍硎,6
7,开并井升並,5
8,饼拼姘骈洴帡,6
9,瓶瓷瓮佤,4
10,产严屏,3
11,铲萨浐,3
12,屏幈摒,3
13,哑垭娅挜氩,5
14,碰谱戬,3
15,晋普恶,3
16,谱镨氆,3
17,宝室窒,3
18,班斑癍,3
19,讲耕阱,3
20,进迸巡,3
21,三兰五,3
22,丰半羊,3
23,栏拦烂,3
24,寒赛寨塞褰謇搴蹇骞,9
25,川州卅,3
26,训顺驯,3
27,洲酬渊,3
28,非韭悲,3
29,匪痱扉,3
30,齑瀣薤,3
31,罪菲霏,3
32,悲辈翡蜚裴斐,6
33,棒捧俸琫淎,5
34,排徘啡诽绯悱俳鲱,8
35,鼎鼐鼒,3
36,吓虾忑汴,4
37,屿玙欤写泻与,6
38,扎礼轧乳乱乩虬札乚,9
39,他她地毑,4
40,池驰弛,3
41,施拖迤椸,4
42,也世巴乜,4
43,亿忆钇,3
44,乙乞气,3
45,汽忾饩,3
46,飞艺虱,3
47,吃屹迄疙呓圪纥仡虼讫,10
48,五丑互瓦,4
49,讯汛迅茕卂,5
50,己已巳,3
51,忌岂导异,4
52,凯皑铠剀,4
53,记纪妃起圮妃杞玘改跽,10
54,篝冓媾遘觏,5
55,巳祀汜,3
56,巷港撰,3
57,熙姬颐巸,4
58,厂广庆,3
59,庆庄应库庞康庞唐,8
60,压厌辰仄,4
61,原愿厚雁厚,5
62,源塬羱嫄螈,5
63,振赈娠,3
64,褥缛薅溽耨蓐,6
65,唇辱晨震宸蜃,6
66,厅疔疗,3
67,订打灯叮钉盯酊仃耵玎町汀咑,13
68,顶项顷颀颓预滪蓣,8
69,河呵坷何舸阿柯诃珂牁,10
70,疴荷菏,3
71,夺奇苛哥,4
72,椅倚骑畸崎琦旖猗漪犄掎剞绮攲锜寄,16
73,啊婀锕屙,4
74,拧柠泞咛狞狞聍苧,8
75,衍街衔衡衙绗衎愆蘅,9
76,嚄镬蠖劐蒦,5
77,行竹荇,3
78,朽巧污窍,4
79,号亏专粤咢甹雩,7
80,枵鸮樗,3
81,骋聘娉俜,4
82,愕腭鳄鄂锷鹗谔萼,8
83,挎垮跨胯刳侉夸,7
84,才寸木,3
85,楠喃献蝻腩罱南献埠,9
86,计什汁针叶,5
87,线绒贼,3
88,纤歼仟阡忏钎扦瓩迁跹,10
89,乖乘乘剩嵊,5
90,睡唾锤捶棰陲垂,7
91,闭团困,3
92,材财豺,3
93,十斗半,3
94,科抖料斜蚪枓斛槲斛槲蝌,11
95,卓桌罩,3
96,覃谭潭蟫蕈,5
97,掉绰悼焯棹淖倬踔逴,9
98,框眶诓哐洭劻筐汇,8
99,区匹巨匪叵匠医匝匡匿匣匜苉笸匚,15
100,驱枢岖躯伛妪,6
101,抠呕欧殴鸥怄讴瓯沤眍,10
102,柜拒距矩炬讵,6
103,渠染蕖,3
104,巨臣宦苣宧卧,6
105,东乐车柬,4
106,呀讶邪蚜鸦雅蚜迓伢岈玡釾砑,13
107,烁栎砾铄跞轹,6
108,穿芽牙,3
109,卜下卡卞,4
110,占点苫卤,4
111,侦祯桢帧,4
112,餐粲璨澯,4
113,仆扑外朴补讣舛,7
114,处咎绺晷,4
115,沾钻帖贴站粘玷怗拈鲇黏乩毡飐,14
116,戏战戗戕戮戳,6
117,店惦掂踮,4
118,内丙肉,3
119,纳呐钠讷枘蚋汭衲肭,9
120,柄陋炳邴,4
121,疾病瘁痞痌瘪疥疫疖瘠瘀痞痹,13
122,叩即却印卯卭卸卾卲卻,10
123,辆俩满,3
124,满瞒蹒螨颟懑,6
125,莴窝赛呙,4
126,锅祸蜗涡脶埚娲剐,9
127,同网冈周冏冋罔,7
128,刚钢纲,4
129,简筒茼,3
130,炯迥泂埛,4
131,洞桐铜峒侗胴恫垌酮,9
132,调稠绸碉啁雕倜凋惆赒蜩鲷周,13
133,观视现规窥砚舰,7
134,觊觎觑,3
135,觅览觉宽笕苋,6
136,揽榄缆搅,4
137,倘淌敞躺趟氅耥徜惝绱,10
138,膛瞠螳樘嘡镗堂,7
139,拿掌撑,3
140,向尚商啇,4
141,摘墒熵,3
142,赏党堂,3
143,傥谠镋,3
144,丹舟盘,3
145,柿带滞,3
146,制到刷刮掣,5
147,刷涮唰,3
148,匝咂砸箍,4
149,蔑篾蠛,3
150,巾币市吊布,5
151,怖稀欷晞烯唏豨,7
152,敝撇蔽,3
153,弊憋蹩鳖瞥,5
154,帅师狮蛳筛,5
155,肺沛帅霈,4
156,帘帝蒂啻,4
157,啼谛蹄缔,4
158,删珊栅姗跚册,6
159,册丽俪,3
160,俪鹂骊鲡酾逦,6
161,扒叭趴,3
162,深探琛,3
163,份吩粉扮盼纷颁汾玢酚鼢掰,12
164,芬氛盆,3
165,风凤凰夙,4
166,机叽饥肌讥玑矶,7
167,冗沉壳,3
168,亢秃亮,3
169,抗坑炕吭杭肮伉沆航,9
170,沿船铅,3
171,化比此叱牝,5
172,能熊螚,3
173,北兆背,3
174,七匕弋戈,4
175,蛇驼舵鸵跎砣沱佗陀柁坨铊酡鼧,14
176,它仑仓宅,4
177,分会合金兮,5
178,岔盆盒,3
179,论轮沦抡伦纶,6
180,囫囵因国圈,5
181,化讹靴,3
182,哗桦铧烨哔榫,6
183,批秕枇毗蚍仳妣陛砒纰,10
184,华毕货花隼,5
185,屁尼尾尻庇,5
186,鼠鬣躐邋镴,5
187,蓖篦簏麀媲貔,6
188,舅鼠男巤,4
189,些柴紫胔茈赀訾觜髭,9
190,雌眦泚跐龇疵,6
191,泥呢昵妮怩旎,6
192,虎虚虑虏虐疟虔,7
193,嘘墟谑歔,4
194,掳罅遽噱,4
195,唬彪琥虓猇搋褫虒虎,9
196,旨昏昔,3
197,指脂诣酯稽,5
198,又叉支,3
199,惘辋魍,3
200,仅汉叹双权奴驭,7
201,鸡鸭鹅鸪鹒,5
202,权对树,3
203,杈衩钗汊,4
204,爱受爰,3
205,授绶缓,3
206,叆暧嗳,3
207,努怒弩驽孥胬呶,7
208,友有反发,4
209,蚤搔骚瘙,4
210,枝技肢吱歧妓伎豉芰跂屐岐忮,13
211,翅翘翎翔,4
212,设没投股役般殷毁殿毅段殁骰羖榖毂瀫觳彀鷇癜,21
213,毅毁殷殿臀,5
214,般搬磐瘢槃,5
215,锻缎煅椴段,5
216,搜艘嫂飕嗖溲馊锼螋瞍瘦,11
217,曼蔓慢,3
218,慢馒幔谩漫鳗熳,7
219,假霞暇瑕遐嘏葭瘕叚,9
220,霜霖露,3
221,露鹭璐,3
222,皮反发,3
223,饭板版贩扳返坂皈舨,9
224,泼拨拔跋胈袯废,8
225,披彼玻被破坡跛波颇陂啵疲,12
226,菠婆簸,3
227,暖援缓媛湲谖瑗,7
228,难滩摊瘫傩,5
229,竖坚贤肾,4
230,紧絮系素索紊累紥,8
231,怪悭铿蛏,4
232,托吒仛讬奼饦乇,7
233,诧姹咤挓侘,5
234,切功劝动助,5
235,眠氓岷抿泯珉缗湣愍民,10
236,彻沏砌窃切,5
237,长氏氐,3
238,胀帐账张怅伥,6
239,套奁奎,3
240,张涨泓,3
241,张强弹,3
242,纸纸舐扺芪昏婚惛,8
243,低抵砥祗诋羝胝邸柢鸱骶底,12
244,纯吨盹顿钝沌饨炖莼鲀扽肫迍囤窀屯,16
245,从队坠,3
246,认让计,3
247,茶草花,3
248,囚因困,3
249,捆悃悃,3
250,会金企釜荟佥,6
251,绘桧脍刽烩鲙哙侩狯,9
252,以似拟姒苡,5
253,人入八六个,5
254,从丛众怂纵苁枞疭,8
255,卒萃率翠窣,5
256,碎粹醉悴淬啐谇猝捽膵,10
257,大太丈,3
258,火头尖奕,4
259,夭天犬,3
260,夫失矢,3
261,夫夹荚爽奭,5
262,楔锲揳禊,4
263,挈契絜瘈,4
264,澳懊燠噢墺奥,6
265,夺奋牵态畚,5
266,夭乔笑,3
267,妖沃袄跃妖饫,6
268,侨桥娇轿骄矫矫硚峤鞒,10
269,扶肤麸趺,4
270,达迭送远逵,5
271,挞哒鞑垯跶荙闼,8
272,荚芙茱,3
273,跌秩铁佚昳轶帙迭,8
274,侠挟峡狭颊陕浃蛱铗惬箧,11
275,拳券卷誊眷桊豢,7
276,倦蜷绻锩惓鬈,6
277,伏汰钛呔肽酞驮,7
278,吠伏袱狱畎,5
279,器嚣噩,3
280,热然燃,3
281,买卖实头,4
282,读续赎渎牍椟犊黩窦,9
283,姻咽烟洇胭裀骃,7
284,因恩茵氤,4
285,恩摁嗯蒽,4
286,鬟寰阛圜睘,5
287,嬛擐澴缳儇翾,6
288,央奂英,3
289,莫奠尊鸯,4
290,秧映殃怏泱鞅碤,7
291,英鸯盎,3
292,换焕唤痪涣,5
293,漠摸膜模馍蟆谟,7
294,暮幕摹慕募墓蓦寞瘼,9
295,今令含贪衾命,6
296,念忿忍意总忘忽息急感想您怎志悠恶怨慈恩忠态恳惹愚慧愁思恐悉怒惑忌惩慰患愈悬恋惫憋怠憨恕惠忑恙,46
297,吟矜涔妗钤衿,6
298,捻稔埝晗,4
299,琵琶琴瑟毖,5
300,邻龄伶领怜拎铃聆岭冷羚玲蛉铃领冷瓴泠拎羚鸰,21
301,零苓笭囹,4
302,雾雯零,3
303,价阶尬蚧,4
304,软吹炊饮砍坎次钦欢忺歌款,12
305,资姿盗咨瓷恣茨佽趑,9
306,芨岌笈,3
307,吸极级圾趿汲靸,7
308,欠及反,3
309,夷姨胰咦痍荑,6
310,咳刻核孩该骇赅劾垓骸颏亥,12
311,氛氧氤氢氦氖氕氘氚氙氡氟氩氦氨氪氰氮氯氲,20
312,决诀抉块缺袂玦炔快筷,10
313,越钺魆樾,4
314,布希肴,3
315,肴淆崤,3
316,仪议蚁舣,4
317,义叉艾爻,4
318,父斧爷釜,4
319,讽枫飒疯沨佩,6
320,仇轨鸠旭犰,5
321,九丸刃,3
322,执汍纨芄,4
323,热势垫挚蛰絷鸷,7
324,句旬甸匋蜀,5
325,蜀镯躅,3
326,勺匀勾包,4
327,苟芶荀笱芍芩芡莽葖荞芸芟荽茹茗芥,16
328,莽蟒漭,3
329,苒髯聃蚺,4
330,洺铭酩,3
331,石后启,3
332,诟垢逅骺,4
333,勿匆易笏,4
334,约钓灼豹酌妁杓趵尥,9
335,约哟药,3
336,均韵钧昀畇筠鋆,7
337,唿惚偬怱葱,5
338,忽物吻昒刎,5
339,杨扬场肠畅汤饧炀旸疡昜,11
340,汤烫荡觞殇铴,6
341,赐踢惕锡剔蜴裼,7
342,泡抱饱炮跑胞袍鲍刨咆孢狍龅匏,14
343,苞雹疱,3
344,沟构钩购,4
345,拘驹狗够枸姁佝齁煦蒟,10
346,敬擎警儆檠,5
347,询殉绚峋徇郇恂洵珣荀,10
348,喝竭渴揭褐歇遏蝎褐谒碣鞨偈鹖羯曷,16
349,葛蔼霭谒,4
350,儿几凡兒,4
351,元无天,3
352,光先充兜,4
353,恍胱觥桄幌滉,6
354,兀杌靰,3
355,倪睨鲵猊麑霓阋,7
356,晃显昆昱,4
357,业亚显,3
358,玩顽园鼋沅阮,6
359,冠寇蔻,3
360,院皖浣脘鲩烷垸,7
361,完宗宪崇芫莞鬃冤,8
362,说悦脱锐税蜕蜕阅,8
363,兜蔸篼,3
364,貌藐邈,3
365,抚芜妩怃庑,5
366,先赞筅,3
367,统吮铳,3
368,冼洗选铣跣酰,6
369,攒臜瓒趱躜,5
370,兔冤逸,3
371,免兔冤菟冕,5
372,挽晚娩勉,4
373,枕忱耽沈鸩,5
374,晁窕晃,3
375,跳挑逃桃姚祧佻眺铫珧鼗,11
376,梳流硫疏毓琉蔬鎏,8
377,山凶画,3
378,函凿幽凼菡,5
379,疝氙癌,3
380,仙灿讪籼汕舢,6
381,岔岳岱岙,4
382,岩岸岳岂岗岚岌崇岁,9
383,秽哕刿,3
384,出击茁祟,4
385,缶窑罂罍,4
386,础拙咄绌黜,5
387,屈掘倔崛窟,5
388,恼脑汹酗忷讻,6
389,匈胸瑙,3
390,逆朔溯塑蒴嗍槊搠厥阙,10
391,了子孑孓丁,5
392,于予矛,3
393,亭享孛孕,4
394,停婷渟葶,4
395,辽疗承,3
396,函涵崡,3
397,丞承函亟蒸卺,6
398,辽疗钌,3
399,李季学,3
400,宁宇字,3
401,仔好籽,3
402,孔孙孜孖吼,5
403,逊荪狲,3
404,莩茅荸孛孚,5
405,乳俘浮孵蜉稃殍桴脬,9
406,脖悖桲饽荸,5
407,勃鹁渤,3
408,刀刁力刃习乃,6
409,叼叨初忉汈,5
410,另召夯,3
411,仍奶扔礽,4
412,携镌檇,3
413,绣诱锈透琇,5
414,穷劣夯,3
415,历厉厉疠雳,5
416,沥枥雳呖苈疬,6
417,加动勒,3
418,勒嘞恸,3
419,伤饬仿,3
420,肋伪胁筋,4
421,加咖枷伽痂跏,6
422,架袈贺驾瘸,5
423,茄笳荔,3
424,拐别捌,3
425,办为苏,3
426,涝捞唠崂痨耢,6
427,卫刃召,3
428,染柒梁粱,4
429,忍涩纫韧轫仞牣,7
430,召苕笤岧髫,5
431,招沼绍笤诏韶龆貂邵怊劭,11
432,昭照迢超,4
433,那哪挪娜,4
434,赵起超赴趋趟趣赶赴趁赳趄趔,13
435,叫纠赳,3
436,么台公云,4
437,去丢昙铥,4
438,允充兄见兖茺,6
439,私弘吮,3
440,坛纭耘酝运,5
441,层屋居尿屎届局犀孱,9
442,魂魄愧瑰,4
443,常赏堂裳党掌棠尝偿嫦,10
444,松淞凇菘,4
445,松讼蚣忪,4
446,抬冶治始胎怡贻饴诒殆鲐迨绐骀,14
447,法怯劫祛砝珐,6
448,罢却摆脚,4
449,磕嗑瞌溘榼搕阖盍,8
450,俊峻竣骏唆梭酸焌皴黢浚逡睃羧悛狻,16
451,傻谡稷,3
452,篱漓璃,3
453,离禽篱,3
454,擒噙檎,3
455,漓璃醨,3
456,魁鬽魅魑魍魉魃鬾,8
457,幺乡玄,3
458,侄致到倒桎轾蛭咥垤绖膣,11
459,幻吆幼,3
460,拗坳黝蚴呦靿窈,7
461,率摔蟀,3
462,弦炫舷眩泫铉,6
463,畜蓄蕃搐滀畜,6
464,系素索累奚嗦,6
465,溪蹊鼷傒徯鸂,6
466,丝兹慈孳,4
467,磁滋嗞糍镃嵫鹚,7
468,丝咝鸶,3
469,唉挨埃俟娭涘欸騃矣,9
470,禹禺寓愚,4
471,踽龋瑀,3
472,属嘱瞩,3
473,偶隅遇耦髃喁颙嵎藕,9
474,干千壬,3
475,工土干,3
476,巫诬筮噬,4
477,红杠肛扛江鸿虹讧缸,9
478,贡汞责,3
479,负责贯贫贵赞赍赟赉,9
480,泵趸蹙,3
481,录隶泉,3
482,巩帆矾钒,4
483,恐筑跫,3
484,空箜曌,3
485,究突穷穹,4
486,控腔倥鞚崆挖,6
487,左右石灰,4
488,经径轻劲烃胫泾硁刭陉,10
489,茎痉氢,3
490,月冉再,3
491,吐杜肚灶社牡,6
492,童重熏董,4
493,懂懵踵,3
494,佳挂桂娃鞋蛙哇洼硅畦诖跬邽鲑闺圭,16
495,卦褂掛,3
496,挫锉矬唑痤莝脞座髽,9
497,侍待诗持特恃峙痔等,9
498,士土壬,3
499,尘坐圣至生,5
500,垒叠桑,3
501,姓性胜牲旌笙甥,7
502,隆窿癃,3
503,降绛洚,3
504,醒腥猩戥惺,5
505,黑墨嘿,3
506,嘿默黔黟黮,5
507,里星量童,4
508,埋哩理狸鲤俚娌锂浬,9
509,撞瞳幢潼僮憧曈噇疃艟,10
510,扭纽钮妞忸衄狃,7
511,志声馨痣,4
512,壶壳壹悫噎蠧,6
513,洁结秸桔拮诘佶黠袺吉,10
514,颉缬撷,3
515,袁猿辕遠,4
516,鼓嘻嬉禧蟢僖,6
517,喜熹嘉髺瞽,5
518,彭澎膨蟛,4
519,任妊廷饪衽纴,6
520,荏凭赁淫霪,5
521,廷庭霆,3
522,廷挺蜓艇铤莛珽梃,8
523,午牛平年,4
524,许杵忤仵浒迕,6
525,牟哞眸侔蛑,5
526,汗杆秆奸肝刊轩赶矸玕旰讦犴鼾,14
527,罕竿旱岸,4
528,焊捍悍,3
529,评砰秤坪怦枰抨砰萍,9
530,寸守夺寿,4
531,厨橱蹰,3
532,付时村讨封衬肘忖纣吋,10
533,射榭麝,3
534,厘缠喱廛,4
535,咐附驸拊鲋符府,7
536,府俯腐腑,4
537,筹焘等寿,4
538,鸳鸯鸢,3
539,试拭轼弑,4
540,袋贷黛岱,4
541,式弍武,3
542,赋鹉斌赟,4
543,域蜮惑阈,4
544,伐找划代玳,5
545,筏阀垡,3
546,晓浇烧挠绕饶跷侥骁铙峣硗蛲桡娆哓荛尧,18
547,饿蛾鹅哦娥俄峨莪锇硪我,11
548,浅线残践钱栈贱溅饯,9
549,笺盏戋,3
550,万方尤龙,4
551,优忧扰犹就疣鱿莸,8
552,蹴僦鹫,3
553,庞宠宏,3
554,茏笼龛宠,4
555,聋袭垄砻,4
556,拢咙胧珑眬陇栊昽泷,9
557,噗璞濮蹼镤菐,6
558,小少示,3
559,个不木丕,4
560,赤亦寺,3
561,标际蒜,3
562,陆睦隙,3
563,凛檩懔廪禀,5
564,尉慰蔚熨,4
565,祭蔡察穄礤傺,6
566,擦檫嚓镲,4
567,棕踪粽综腙淙悰琮,8
568,炒抄吵纱妙砂钞秒沙砂耖杪眇,13
569,渺缈桫挱,4
570,娑鲨挲裟莎痧,6
571,叔椒淑寂菽踧督,7
572,你您称弥祢猕尔玺,8
573,消悄哨削梢稍捎销峭俏硝艄鞘逍诮绡蛸魈潲,19
574,肖宵霄屑筲,5
575,僚嘹瞭撩潦缭燎镣寮鹩獠蹽尞,13
576,冻栋陈,3
577,在存荐茬,4
578,迈迁迅过迄边连,7
579,访纺仿坊防妨肪放彷舫枋昉,12
580,放攻收牧於,5
581,芳房旁,3
582,傍榜膀螃谤磅镑滂耪鳑搒蒡旁,13
583,旌旗族旅旄施旋旆旖旎,10
584,游淤漩蝣,4
585,聪耻职,3
586,和加如扣知,5
587,杰杏杳查,4
588,兽曾啬,3
589,嗝隔融膈滆镉翮鬻,8
590,响晌饷,3
591,口回吕品,4
592,走足是疌,4
593,促捉龊浞,4
594,吕侣铝稆榈,5
595,绢捐娟鹃狷涓,6
596,中申串,3
597,冲种钟仲肿忡,6
598,忠衷盅,3
599,遗溃馈聩愦殨,6
600,蒉篑阓匮,4
601,串患窜,3
602,蹿撺漶,3
603,茧虽蛊蚩虫,5
604,嗤媸螫,3
605,独浊烛触融,5
606,识织积帜职炽枳轵咫疻,10
607,况祝兢,3
608,惹诺偌喏锘,5
609,若箬匿慝,4
610,词饲祠伺嗣司,6
611,史使驶吏,4
612,徊蛔洄,3
613,墙樯穑嫱,4
614,啬茴蔷,3
615,言詈訚,3
616,信唁狺罚,4
617,檐赡瞻儋澹谵黵蟾詹,9
618,倍陪培赔焙焙蓓涪醅踣掊锫剖,13
619,部邢祁鄙,4
620,竞竟菩总兑兜,6
621,操躁澡燥臊璪噪藻,8
622,豆登壹,3
623,短逗痘饾,4
624,橙瞪澄蹬噔镫嶝磴凳,9
625,毫豪耄耋髦,5
626,嚎壕濠,3
627,家象豪篆,4
628,高膏篙蒿翯膂,6
629,搞稿敲镐熇缟槁犒,8
630,合台谷,3
631,笞苔怠炱答,5
632,弃卉弄鼻箅,5
633,哈拾给恰洽鸽蛤饸,8
634,搭塔嗒褡溚瘩,6
635,容客蓉,3
636,浴俗欲裕峪鹆,6
637,榕溶熔,3
638,夕歹名久歺,5
639,罗萝箩多梦餐,6
640,囱卤窗囟硵,5
641,舞舜瞬,3
642,够移侈哆爹嗲,6
643,列死毙葬,4
644,锣啰逻猡椤,5
645,列咧冽例洌烈裂,8
646,玖灸疚柩,4
647,杉须衫彤彭钐,6
648,彦颜谚,3
649,诊珍趁殄胗袗轸畛疹,9
650,谬醪戮缪鹨嫪飂,7
651,蓼寥瘳,3
652,惨渗掺毵糁碜,6
653,参叁瘆,3
654,之乏芝,3
655,旷扩矿犷圹,5
656,床麻嘛,3
657,康庚唐赓,4
658,雁鹰膺赝,4
659,脏桩赃,3
660,塘搪糖赯溏唐,6
661,门闩闪,3
662,闲闭闯闻闹闽闸闰闱问间闷闪闾阁闽阒阂阕简,20
663,娴痫鹇,3
664,们扪,2
665,悯润涧焖,4
666,涧锏裥,3
667,蒋桨奖浆酱将锵,7
668,戕斨牂牁,4
669,状壮妆将,4
670,装奘藏,3
671,忙牤虻杧,4
672,茫硭铓,3
673,忘妄盲芒,4
674,荒谎慌,3
675,妄妥婴,3
676,汝馁绥,3
677,宴晏妟匽,4
678,堰偃揠蝘,4
679,按鞍桉鮟案氨安,7
680,归妇扫岿,4
681,当雪彗慧,4
682,妻萋凄,3
683,录寻帚灵炅盝箓,7
684,碌绿剥氯禄醁,6
685,鲟浔荨,3
686,档挡铛裆珰,5
687,刍当争急,4
688,稳隐瘾急,4
689,伊咿笋,3
690,笋窘君莙,4
691,裙群郡捃,4
692,净挣静睁筝狰峥琤铮诤争,11
693,津律肆肄肇,5
694,建健键毽犍腱楗,7
695,延诞涎蜒筵,5
696,萧啸箫肃,4
697,潇蟏鹔骕,4
698,嫌谦赚歉廉镰搛慊鳒嗛缣蒹鹣臁蠊兼,16
699,侵浸锓,3
700,寝寐寤,3
701,肩扇雇戾扈,5
702,尸户卢,3
703,颅泸鸬轳鲈栌舻胪垆,9
704,展辗碾搌蹍,5
705,孀礵骦鹴,4
706,尺尽昼迟,4
707,护驴炉妒沪唳,6
708,芦庐卢,3
709,偏编翩骗蝙遍蝙鳊褊藊煸犏蹁谝碥,15
710,扁篇匾萹,4
711,溺搦蒻弱,4
712,引躬弱,3
713,溺粥弼矧蚓,5
714,弓马乌,3
715,沸佛拂怫狒绋艴氟,8
716,第弟笫,3
717,梯剃涕递姊秭鹈锑悌睇娣绨,12
718,蚂吗玛妈冯码犸,7
719,咒骂笃哭,4
720,乌鸟凫,3
721,凫茑袅鸢枭,5
722,呜坞钨邬,4
723,鸟鸣岛捣,4
724,砖传转抟啭,5
725,坏杯怀环还抔,6
726,坯胚伾邳狉,5
727,丰害蚌,3
728,邦帮绑梆,4
729,瞎割辖豁嗐害,6
730,峰蜂锋烽逢,5
731,逢蓬缝篷,4
732,望碧垫暂,4
733,遝鳏瘝眔,4
734,徙屣蓰,3
735,徒徙陡赴,4
736,皇全呈,3
737,程逞郢裎酲,5
738,汪旺枉狂诳逛,6
739,王主玉,3
740,国围固圆,4
741,啯蝈帼掴,4
742,住往拄柱注蛀驻疰炷,9
743,拴栓诠佺铨醛,6
744,荃筌痊,3
745,煌惶蝗徨隍遑鳇艎喤锽篁凰皇,13
746,青表麦素责,5
747,裱俵婊,3
748,箐菁氰圊,4
749,嗉愫螦,3
750,绩债啧渍碛帻赜箦,8
751,傲嗷熬遨廒敖,6
752,赘聱獒嶅鏊螯鳌骜謷,9
753,请清晴猜情睛精蜻靖倩靓鲭,14
754,伟讳纬帏玮炜韦,7
755,违韪苇,3
756,连莲链涟裢鲢,6
757,库裤撵,3
758,辉挥浑晖恽珲郓皲诨,9
759,晕荤军,3
760,天关矢,3
761,添舔悿,3
762,吴吞蚕,3
763,葵癸昊,3
764,揆睽暌骙阕,5
765,联朕取,3
766,郑掷踯,3
767,郁那邻邓邗邛邝邙邦邢邪邠邬邡祁邯郸邴邳邶邺邮邱邸邹邲邵邰邽耶郏郅,32
768,腾藤滕塍鰧媵螣縢,8
769,误娱蜈虞吴,5
770,木术本,3
771,秫怵述沭,4
772,未末朱,3
773,希杀刹铩,4
774,戎戒或忒彧,5
775,械诫绒贼,4
776,宋呆采,3
777,杂染梁,3
778,亲新薪,3
779,束果朵,3
780,桑嗓森,3
781,休沐林,3
782,体钵锛,3
783,咻鸺貅,3
784,笨奔苯,3
785,骛鹜婺敄,4
786,澜斓谰阑,4
787,阑谏楝,3
788,躲跺垛剁,4
789,保堡褒煲葆褓,6
790,林淋琳彬,4
791,禁襟噤,3
792,焚婪樊攀,4
793,摩魔磨蘑靡糜醾蘼麽嬷縻麾麋,13
794,梦禁焚婪楚梵棼棽椘棾榃梵麓,13
795,握喔幄龌渥屋,6
796,束枣策朿,4
797,策刺棘,3
798,辣竦悚速剌觫敕,7
799,嗽漱喇簌蔌欶嫩瘌,8
800,懒癞籁濑赖,5
801,练拣炼,3
802,棵颗课裸稞馃夥踝锞蜾骒髁,12
803,裹巢窠剿缫,5
804,番悉窸蕃蟋,5
805,播潘蟠翻皤蹯燔鄱蟠幡璠藩,12
806,插播锸歃,4
807,菜采朵杀呆杂果亲柔宋杲桑燊桀橐,15
808,各冬务条备,5
809,彩睬踩彤,4
810,未末禾,3
811,味妹昧,3
812,珠株殊蛛诛姝侏铢,8
813,朱茱茉,3
814,抹袜沫秣靺妺,6
815,秋利和酥稣,5
816,黍秉菌,3
817,涂徐除捺叙途蜍赊,8
818,伞余宗祭柰佘畲龠瀹,9
819,奈萘捺,3
820,俐梨犁莉痢蜊猁利,8
821,黎黧藜,3
822,揪瞅锹鳅瞅楸湫啾愁鹙鬏,11
823,矮诿魏倭踒逶,6
824,委萎痿,3
825,考孝者,3
826,老孝老考孝者耆,7
827,佬姥栳,3
828,烤拷铐栲姥,5
829,教哮酵,3
830,煮屠屠,3
831,暑署薯曙,4
832,景晕暴,3
833,著箸奢,3
834,绪堵睹都赌猪诸赭褚锗渚楮翥躇,14
835,嘟储槠潴,4
836,露霜霞霹霸霂灞,7
837,勤谨瑾馑觐槿,6
838,廿甘某,3
839,世泄屉绁,4
840,蝶谍碟牒喋堞渫蹀鲽,9
841,甜柑钳酣泔坩邯疳苷,9
842,煤谋媒某,4
843,席度庶蔗,4
844,遮鹧摭嗻蔗,5
845,渡踱镀度,4
846,小水永汆,4
847,冰尿沓,3
848,漆膝黏,3
849,爆瀑曝暴,4
850,球救俅赇逑裘求,7
851,泳脉咏昶霡永,6
852,糠慷逮槺鱇叇康,7
853,贝页员贞,4
854,负责贵贫贲贯赍赟费,9
855,坝则败狈呗,5
856,锁琐唢,3
857,喷愤惯掼,4
858,赢羸蠃嬴嬴瀛籝,7
859,须顺烦硕颌顸颈颂顷倾领颔颖颍颃颉顼,17
860,测侧恻铡鲗则厕,7
861,殒损勋陨埙圆,6
862,樱缨鹦嘤璎瘿撄罂婴,9
863,丐钙沔,3
864,址扯耻趾沚祉,6
865,捷睫婕,3
866,芷肯齿步,4
867,啃啮掯,3
868,止正定罡,4
869,涉频濒颦蘋陟骘,7
870,证政怔征惩症钲,7
871,歪整嫩,3
872,歪否孬,3
873,淀绽锭腚碇啶靛,7
874,蛋胥楚憷,4
875,婿湑谞糈醑,5
876,朋钥明阴钥玥刖潸,8
877,朝潮嘲,3
878,明萌盟,3
879,阳阴荫隙,4
880,育盲脊肩骨蓇胥唷,8
881,胃肾肯胄罥肙,6
882,思畏累惫,4
883,骨滑猾,3
884,棚绷鹏硼蒯鬅朋,7
885,崩蹦塴嘣镚,5
886,用甩甬角甭痈,6
887,拥佣涌蛹,4
888,确解桷嘴,4
889,懈邂蟹澥檞廨獬,7
890,诵桶涌踊蛹捅俑,7
891,勇恿甬通痛樋,6
892,捕辅铺哺脯浦蒲敷埔逋牖莆甫,13
893,匍葡圃,3
894,傅博搏膊缚溥尃,7
895,簿薄礴,3
896,撤辙澈,3
897,贿郁囿侑铕宥,6
898,随惰椭堕髓隋隳,7
899,愉榆喻输偷渝逾瑜揄谕逾觎毹蝓貐,15
900,俞愈嵛窬,4
901,前箭剪煎翦,5
902,语悟梧捂晤焐牾鼯敔龉痦圄吾伍,14
903,吕昌冒,3
904,帽瑁勖,3
905,品晶森磊矗藠鑫掱,8
906,拓跖柘,3
907,日曰旦亘,4
908,旮旯昝,3
909,替辇潜,3
910,得碍嘚,3
911,慧惠蕙穗蟪,5
912,嗜鳍蓍鬐,4
913,昔籍藉耤,4
914,棍混馄鹍鲲锟焜绲辊醌琨,11
915,白百臼皂,4
916,馨罄磐磬謦碧,6
917,伯怕泊舶迫拍啪柏的帕粕珀桕,13
918,陌佰宿,3
919,宿缩蓿,3
920,棉锦绵帛,4
921,谐揩楷偕喈锴蒈皆,8
922,啤碑脾牌稗裨髀婢捭睥庳鼙卑,13
923,愧槐瑰傀隗嵬鬼,7
924,缴激邀檄敫,5
925,弹蝉掸郸婵殚禅惮阐箪瘅,11
926,昌菖阊,3
927,唱倡猖娼鲳,5
928,借惜猎鹊腊蜡腊蜡踖厝,10
929,错措醋,3
930,查杳香秀,4
931,秀氖艿隽,4
932,担但坦胆袒怛靼钽疸,9
933,恒桓垣洹姮,5
934,喧渲暄楦揎,5
935,宜宣萱亶,4
936,檀擅颤澶嬗膻邅鹯,8
937,渣喳碴楂揸猹嵖馇,8
938,提堤题匙醍缇鞮捏涅,9
939,硬梗埂便鞭哽鲠粳绠更,10
940,槽糟嘈螬漕艚遭曹,8
941,增赠僧憎蹭甑缯噌矰罾嶒,11
942,朝韩乾戟斡翰,6
943,潮瀚擀,3
944,斤斥芹,3
945,听折所斩祈析沂昕斫圻龂,11
946,析新薪,3
947,晰淅蜥皙菥,5
948,欣掀锨焮,4
949,折拆诉坼柝跅,6
950,浙逝哳,3
951,斩渐惭,3
952,崭嵌巅巍,4
953,钦揿嵚,3
954,堑堑壑暂錾椠,6
955,誓哲蜇踅,4
956,爪瓜笊,3
957,孤狐弧抓呱瓠菰觚瓞胍蓏窳,12
958,文交介,3
959,齐吝紊雯旻,5
960,荠茭筊,3
961,螟瞑暝溟蓂冥,6
962,校狡饺绞较咬胶效郊佼跤皎姣铰洨蛟鲛,17
963,坟蚊刘浏纹汶抆,7
964,枚玫改,3
965,闷闵悯,3
966,散撒潵馓霰,5
967,这达近辽,4
968,提挞挝,3
969,济挤脐剂跻蛴鲚,7
970,齐荠霁齑,4
971,条涤绦,3
972,攸悠修倏筱莜脩,7
973,终咚佟螽疼氡图,7
974,胳格络略骆赂酪骼烙搁路恪洛貉咯珞铬饹硌袼落,21
975,喀额髂,3
976,复夏厦寡戛敻,6
977,嘎嗄戞,3
978,腹愎蝮鳆馥,5
979,覆履屣屐,4
980,棱凌陵绫鲮堎崚睖菱,9
981,棱愣楞塄,4
982,夜液腋掖,4
983,牵牢牟牮件,5
984,浩皓梏酷鹄诰郜,7
985,靠窖告,3
986,旧汩阳,3
987,焉蔫嫣鄢,4
988,糙糙慥簉造,5
989,宓密蜜嘧,4
990,沁泌秘谧,4
991,灭灾灰,3
992,炎炙灸,3
993,伙耿狄,3
994,获荻逖,3
995,炎焱燚,3
996,谈淡痰啖琰剡欻扊氮毯,10
997,恢炭碳盔诙咴灰,7
998,吧肥把杷钯靶耙疤爬粑,10
999,爸芭笆琶,4
1000,巴色邑岜夿,5
1001,葩潖筢,3
1002,绝艳滟铯,4
1003,抒杼纾妤舒序,6
1004,里野墅,3
1005,揉蹂糅鞣煣猱橘,7
1006,橘鹬潏燏遹,5
1007,手毛乎,3
1008,呼拜湃,3
1009,耗牦蚝眊酕氄笔,7
1010,娓撬橇毳,4
1011,滤墟罅滹,4
1012,呼烀轷,3
1013,兴举誉誊,4
1014,俭剑验检捡险脸敛潋裣睑猃殓莶签蔹,16
1015,驷泗德羁,4
1016,古舌克,3
1017,枯咕估沽胡诂牯骷怙轱蛄故做姑菇,15
1018,苦舍居,3
1019,啥猞舒倽涻,5
1020,话乱括敌刮恬适活阔湉鸹憩蛞聒栝,15
1021,湖蝴糊瑚煳猢醐鹕葫胡,10
1022,据剧锯倨琚裾踞崌居,9
1023,摘滴嘀嫡谪镝,6
1024,草萤营荧莹劳莺萦荣荥荦茔蓥蒙革,15
1025,嵘滢溁蝾潆,5
1026,戍戊戌戉成,5
1027,威咸茂崴葳戚嘁,7
1028,喊减缄碱箴,5
1029,感撼憾,3
1030,诚城盛晟成,5
1031,臧藏蕨,3
1032,撅獗橛蹶劂厥,6
1033,泪相帽,3
1034,媚楣嵋循镅猸湄鹛,8
1035,目自且日首,5
1036,苜省睿窅眚,5
1037,息臭鼻,3
1038,臭嗅溴,3
1039,臬镍嵲,3
1040,看盾质眉,4
1041,锧踬,2
1042,道遵遁遒逍迹,6
1043,熄媳螅息,4
1044,相想箱霜厢湘缃,7
1045,姐沮蛆谊阻组诅租祖粗助锄菹趄疽咀龃狙俎岨蛐,21
1046,直具真置,4
1047,算篡箕纂攥,5
1048,值植殖,3
1049,惧俱飓,3
1050,慎镇填滇颠嗔缜瞋,8
1051,颠巅癫鬒,4
1052,申电奄,3
1053,申审婶渖,4
1054,神伸呻绅坤抻珅砷胂,9
1055,电龟黾鼍奄阄,6
1056,绳蝇渑,3
1057,淹掩腌俺鹌阉崦埯庵,9
1058,弯穹芎变湾,5
1059,恋变峦蛮奕孪娈弈挛鸾銮脔栾滦迹燮,16
1060,赫哧赦郝螫,5
1061,榛臻溱獉嗪螓,6
1062,奏奉秦蓁,4
1063,奏凑揍腠辏,5
1064,春舂椿蠢,4
1065,皿血益恤,4
1066,溢隘缢鹢谥嗌,6
1067,孟盂盍盈,4
1068,孟猛锰蜢艋勐,6
1069,瘟氲温昷,4
1070,温湿韫蕴愠缊榅揾韫腽鳁,11
1071,监盐鉴临,4
1072,滥褴槛尴,4
1073,蓝篮监,3
1074,田由甲申曲,5
1075,佃细钿儡,4
1076,鱼渔鲁薊,4
1077,噜橹镥氇,4
1078,亩苗雷甾,4
1079,喂偎猥煨隈,5
1080,腮鳃锶勰偲飔葸缌罳崽,10
1081,描猫喵瞄锚鹋,6
1082,油抽袖邮轴迪柚妯釉岫舳铀蚰鼬,14
1083,寅演螾縯夤,5
1084,笛宙庙届,4
1085,黄簧癀,3
1086,横磺璜潢蟥鐄,6
1087,蕾擂镭檑礌雷,6
1088,谓猬渭,3
1089,骡螺摞嫘瘰漯缧撂,8
1090,福幅蝠辐副富逼,7
1091,疆僵缰礓畺,5
1092,遣谴缱,3
1093,追埠槌缒,4
1094,辟薛孽蘖糵,5
1095,管馆棺倌绾,5
1096,官宫菅,3
1097,阜埠追,3
1098,陈阵队坠,4
1099,作昨诈咋炸拃蚱砟柞怍胙祚舴酢鲊,15
1100,怎窄痄榨苲笮乍,7
1101,病疾蒺嫉,4
1102,族簇嗾蔟镞鷟,6
1103,颖疑凝肄,4
1104,蜘踟痴智知,5
1105,候猴喉堠篌,5
1106,垃位粒泣拉砬啦鞡莅煜,10
1107,笠立昱,3
1108,妾霎接唼,4
1109,产铲浐萨,4
1110,镜境獍,3
1111,音意章窨,4
1112,章单早,3
1113,臆噫薏癔镱,5
1114,喑暗谙黯愔歆噷,7
1115,障樟彰嶂蟑獐幛漳璋戆瘴,11
1116,辞锌梓宰滓薛,6
1117,辛幸辜宰莘睾,6
1118,悻婞圉,3
1119,辩辨辫瓣辡,5
1120,僻霹噼避癖薜擗澼辟,10
1121,譬臂臀,3
1122,劈壁璧譬臂嬖襞檗鐾擘,10
1123,丘兵乒乓岳,5
1124,蚯邱浜,3
1125,滨缤槟镔傧殡摈膑鬓宾,10
1126,学觉党鸴,4
1127,伴判拌绊胖叛畔衅,8
1128,凉掠惊谅琼晾鲸弶椋黥,10
1129,亨享烹京哼脝,6
1130,谆淳醇敦惇鹑椁埻,8
1131,墩礅暾憝,4
1132,郭孰熟塾廓,5
1133,择译泽释绎驿萚箨睪,9
1134,即既朗,3
1135,卿唧鲫,3
1136,慨溉概,3
1137,暨厩既,3
1138,爵嚼爝矍,4
1139,毋母每,3
1140,拇姆呣碡,4
1141,毒霉莓,3
1142,侮海梅悔晦诲敏繁酶嗨,10
1143,共其甚,3
1144,巽撰馔,3
1145,只共典舆,4
1146,碘腆觍,3
1147,供洪哄烘拱栱珙,7
1148,恭慕泰,3
1149,翼冀粪異龚巽骥蕻,8
1150,棋欺期祺骐淇琪蜞麒,9
1151,斯撕嘶澌凘厮,6
1152,基萁箕葚綦,5
1153,堪勘斟椹湛戡,6
1154,四西酉,3
1155,酉酋茜,3
1156,票栗要粟贾篥傈僳,8
1157,粟籴粜,3
1158,洒晒牺栖哂粞恓硒舾,9
1159,洒酒配遒,4
1160,飘瓢漂膘腰镖剽瞟缥嫖螵摽骠鳔瘭薸,16
1161,耍需斋篅耑,5
1162,耐鸸洏,3
1163,捋酹浖,3
1164,蠕儒糯孺懦濡襦擩薷繻颥嚅,12
1165,喘端揣瑞湍踹遄,7
1166,耳茸耸耷,4
1167,聂轰叒,3
1168,饵洱耶洱铒弭佴辄,8
1169,耶椰倻揶,4
1170,摄镊慑蹑嗫滠颞,7
1171,敢橄憨瞰阚,6
1172,揖缉辑楫戢蕺葺咠,8
1173,取职耶联,4
1174,最撮嘬蕞,4
1175,最娶聚,3
1176,诹鲰陬骤趣,5
1177,卫节耳,3
1178,却卯卸御,4
1179,报服赧菔,4
1180,印卯昂,3
1181,仰抑迎,3
1182,留贸峁昴,4
1183,柳聊铆卵泖窷,6
1184,榴溜馏熘镏骝籀,7
1185,瘤遛飗,3
1186,犯范扼顾栀,5
1187,厄危仓卮,4
1188,诡跪桅脆姽,5
1189,苍疮芬芳,4
1190,创抢枪舱跄沧呛伧怆玱炝鸧戗,13
1191,苑宛怨鸳菀夗,6
1192,碗豌腕惋婉蜿剜帵琬畹鹓,11
1193,掏淘陶啕醄萄,6
1194,摇谣瑶徭鳐鹞飖繇遥,9
1195,白百臼舀臽臿,6
1196,滔稻蹈韬,4
1197,焰馅掐陷谄阎萏,7
1198,养美界芥,4
1199,氧痒癣,3
1200,样详祥洋鲜漾咩佯徉蛘烊牂庠,13
1201,翻栩翔翱翺,5
1202,皞嗥槔皋,4
1203,着差羞馐,4
1204,搓蹉嗟磋嵯槎鹾瘥,8
1205,盖姜羡恙羌,5
1206,膳缮鳝墡蟮鄯,6
1207,羔羹糕,3
1208,羔恙善,3
1209,栽裁戴载截哉襶,7
1210,类娄屎粪,4
1211,葡萄菊鞠,4
1212,菊鞠掬,3
1213,眯咪渊,3
1214,米来莱,3
1215,睐徕睐崃,4
1216,迷谜继断醚,5
1217,娄屡篓瘘蒌,5
1218,搂缕楼数镂偻褛耧蝼喽嵝髅,12
1219,薮擞,2
1220,农浓脓哝秾侬,6
1221,依铱滚锿磙,5
1222,衣哀裔丧,4
1223,裹衰蓑亵衮袤,6
1224,蟊蝥瞀,3
1225,襄囊蘘曩蠹,5
1226,攮囔馕齉,4
1227,嚷壤攘镶瓤禳穰勷骧,9
1228,眼根很恨限跟狠银艰垠哏龈裉,13
1229,悬息恩,3
1230,恳垦痕茛,4
1231,退腿褪煺,4
1232,良食崀莨筤,5
1233,郎榔螂啷嫏廊,6
1234,饥蚀饰饬,4
1235,浪娘粮狼朗酿琅踉郎烺埌稂锒,13
1236,稼嫁镓,3
1237,逐遂豚,3
1238,啄琢诼椓,4
1239,遂隧邃燧襚,5
1240,缘椽喙掾篆蠡橼,7
1241,檬朦曚濛蠓獴幪艨蒙,9
1242,云县悬,3
1243,谁维堆推准稚唯淮锥椎碓帷惟蔺躏鹤雄雎稚雉搉隹,22
1244,耀戳曜濯趯擢,6
1245,雀崔霍翟瞿藿省,7
1246,瞿衢蠼氍臞癯,6
1247,蔺躏,2
1248,集售焦蕉,4
1249,灌罐獾颧鹳瓘雚,7
1250,催摧璀繀崔,5
1251,憔瞧礁樵醮蘸谯僬鹪劁噍,11
1252,微薇徽溦,4
1253,像橡豫蟓,4
1254,磷鳞粼嶙辚麟膦瞵璘遴,10
1255,而雨两面,4
1256,缅湎腼勔,4
1257,派旅哌族蒎,5
1258,旋漩璇,3
1259,凸凹山函,4
1260,身书事,3
1261,漏潺渥,3
1262,樽遵蹲撙鳟,5
1263,淄锱缁辎鲻菑甾,7
1264,缀辍啜掇惙裰歠,7
1265,铸涛畴祷踌俦帱,7
1266,伫贮纻苎,4
1267,皱雏邹煞趋诌绉驺,8
1268,仗杖扙粀,4
1269,眨泛贬砭,4
1270,谮僭噆簪朁,5
1271,芋芊竽芉苹,5
1272,谀腴廋瘐,4
1273,臾叟萸庾,4
1274,佑佐祐,3
1275,影憬颢璟灏,5
1276,雍臃壅饔蕹,5
1277,墉慵鄘鳙镛庸,6
1278,馋搀谗巉镵,5
1279,浥挹悒邑邕灉齆,7
1280,曳拽跩,3
1281,餍靥魇黡恹,5
1282,湮禋堙甄垔,5
1283,涯睚捱崖厓,5
1284,押鸭钾狎胛岬呷柙,8
1285,醺薰曛獯熏,5
1286,诩栩翊,3
1287,煽塌蹋骟榻溻鳎遢阘,9
1288,羽翌羿,3
1289,翁嗡蓊滃鹟渰,6
1290,翁翕瓮弇,4
1291,褶熠漝槢摺,5
1292,吁纡迂圩盱,5
1293,鹿麓鏖麇麑麂辘藨漉镳,10
1294,涸痼锢崮,4
1295,心必芯沁蕊苾慭,7
1296,励粝砺蛎,4
